{
	"width" : 640,
	"height" : 480,
	"intrinsic_matrix" :
	[
		621.399658203125,
		0,
		0,
		0,
		621.3997802734375,
		0,
		313.72052001953125,
		239.97579956054688,
		1
	]
}
