{
    "fx": 621.399658203125, 
    "fy": 621.3997802734375, 
    "ppx": 313.72052001953125, 
    "ppy": 239.97579956054688, 
    "height": 480, 
    "width": 640, 
    "depth_scale": 0.00012498664727900177
}